Movie Name,Duration,Genre,Director Name,Top For Movies
The Shawshank Redemption,2h 22min,Drama,Frank Darabont,"The Green Mile, The Walking Dead, The Mist, The Shawshank Redemption"
12 Angry Men,1h 36min,"Crime, Drama",Sidney Lumet,"Before the Devil Knows You're Dead, 12 Angry Men, Dog Day Afternoon, Murder on the Orient Express"
Inception,2h 28min,"Action, Adventure, Sci-Fi",Christopher Nolan,"The Prestige, Inception, Dunkirk, Tenet"
The Godfather: Part II,3h 22min,"Crime, Drama",Francis Ford Coppola,"Apocalypse Now, The Conversation, The Godfather: Part II, The Godfather"
The Godfather,2h 55min,"Crime, Drama",Francis Ford Coppola,"Apocalypse Now, The Conversation, The Godfather: Part II, The Godfather"
Fight Club,2h 19min,Drama,David Fincher,"Se7en, Zodiac, Gone Girl, The Social Network"
Forrest Gump,2h 22min,"Drama, Romance",Robert Zemeckis,"Back to the Future, Forrest Gump, Contact, Flight"
Persona,1h 23min,"Drama, Thriller",Ingmar Bergman,"Persona, Wild Strawberries, The Seventh Seal, Cries & Whispers"
The Lord of the Rings: The Two Towers,2h 59min,"Action, Adventure, Drama",Peter Jackson,"The Lord of the Rings: The Fellowship of the Ring, Bad Taste, The Lord of the Rings: The Return of the King, The Lord of the Rings: The Two Towers"
The Lord of the Rings: The Fellowship of the Ring,2h 58min,"Action, Adventure, Drama",Peter Jackson,"The Lord of the Rings: The Fellowship of the Ring, Bad Taste, The Lord of the Rings: The Return of the King, The Lord of the Rings: The Two Towers"
Star Wars: Episode V - The Empire Strikes Back,2h 4min,"Action, Adventure, Fantasy",Irvin Kershner,"Star Wars: Episode V - The Empire Strikes Back, Never Say Never Again, RoboCop 2, On Deadly Ground"
Seven Samurai,3h 27min,"Action, Adventure, Drama",Akira Kurosawa,"The Hidden Fortress, Ran, Kagemusha, Seven Samurai"
Gone Girl,2h 29min,"Drama, Mystery, Thriller",David Fincher,"Se7en, Zodiac, Gone Girl, The Social Network"
Ford v Ferrari,2h 32min,"Action, Biography, Drama",James Mangold,"Logan, Ford v Ferrari, Walk the Line, Heavy"
Stand by Me,1h 29min,"Adventure, Drama",Rob Reiner,"All in the Family, This Is Spinal Tap, The Wolf of Wall Street, The Story of Us"
Miracle in Cell No. 7,2h 12min,Drama,Mehmet Ada Öztekin,"Miracle in Cell No. 7, Losers' Club, Mahmut & Meryem, Tek Yürek"
The Lord of the Rings: The Return of the King,3h 21min,"Action, Adventure, Drama",Peter Jackson,"The Lord of the Rings: The Fellowship of the Ring, Bad Taste, The Lord of the Rings: The Return of the King, The Lord of the Rings: The Two Towers"
Sunrise,1h 34min,"Drama, Romance",F.W. Murnau,"Sunrise, Nosferatu, Tabu: A Story of the South Seas, The Burning Soil"
Neon Genesis Evangelion: The End of Evangelion,1h 27min,"Animation, Action, Drama",Hideaki Anno,"Shin Godzilla, The Wind Rises, Evangelion: 1.0 You Are (Not) Alone, Neon Genesis Evangelion: The End of Evangelion"
Drishyam,2h 40min,"Crime, Drama, Thriller",Jeethu Joseph,"Drishyam, Drishyam 2, Drishyam, Papanasam"
Three Colors: Red,1h 39min,"Drama, Mystery, Romance",Krzysztof Kieslowski,"Three Colors: Blue, The Double Life of Véronique, Three Colors: Red, Three Colors: White"
Fanny and Alexander,3h 8min,Drama,Ingmar Bergman,"Persona, Wild Strawberries, The Seventh Seal, Cries & Whispers"
The Princess Bride,1h 38min,"Adventure, Family, Fantasy",Rob Reiner,"All in the Family, This Is Spinal Tap, The Wolf of Wall Street, The Story of Us"
Soul,1h 40min,"Animation, Adventure, Comedy",Pete Docter,"Up, Inside Out, Soul, Monsters, Inc."
Rififi,1h 58min,"Crime, Drama, Thriller",Jules Dassin,"Rififi, Never on Sunday, Phaedra, The Law"
The Battle of Algiers,2h 1min,"Drama, War",Gillo Pontecorvo,"The Battle of Algiers, Ogro, Kapo, Burn!"
Before Sunset,1h 20min,"Drama, Romance",Richard Linklater,"Waking Life, Before Midnight, Boyhood, A Scanner Darkly"
Nausicaä of the Valley of the Wind,1h 57min,"Animation, Adventure, Fantasy",Hayao Miyazaki,"Spirited Away, My Neighbor Totoro, Howl's Moving Castle, Princess Mononoke"
It Happened One Night,1h 45min,"Comedy, Romance",Frank Capra,"It's a Wonderful Life, It Happened One Night, Mr. Smith Goes to Washington, Mr. Deeds Goes to Town"
A Silent Voice: The Movie,2h 10min,"Animation, Drama, Romance",Naoko Yamada,"A Silent Voice: The Movie, K-On!, Liz and the Blue Bird, Kyoukai no kanata"
Raatchasan,2h 50min,"Action, Crime, Thriller",Ram Kumar,"Raatchasan, Mundasupatti, Rakshasudu, Vaal Natchathiram'"
In the Mood for Love,1h 38min,"Drama, Romance",Kar-Wai Wong,"The Grandmaster, 2046, In the Mood for Love, Chungking Express"
Drishyam 2,2h 32min,"Crime, Drama, Thriller",Jeethu Joseph,"Drishyam, Drishyam 2, Drishyam, Papanasam"
Amores Perros,2h 34min,"Drama, Thriller",Alejandro G. Iñárritu,"The Revenant, Biutiful, Babel, Birdman or (The Unexpected Virtue of Ignorance)"
Gangs of Wasseypur,5h 21min,"Action, Comedy, Crime",Anurag Kashyap,"Gangs of Wasseypur, Udaan, Queen, Dev.D"
Rocky,2h,"Drama, Sport",John G. Avildsen,"Rocky, The Karate Kid Part III, Rocky V, The Karate Kid"
"Monsters, Inc.",1h 32min,"Animation, Adventure, Comedy",Pete Docter,"Up, Inside Out, Soul, Monsters, Inc."
"The Good, the Bad and the Ugly",2h 58min,Western,Sergio Leone,"Once Upon a Time in America, Duck You Sucker, The Good, the Bad and the Ugly, A Fistful of Dollars"
Andrei Rublev,3h 25min,"Biography, Drama, History",Andrei Tarkovsky,"Solaris, The Sacrifice, Andrei Rublev, Stalker"
The Dark Knight,2h 32min,"Action, Crime, Drama",Christopher Nolan,"The Prestige, Inception, Dunkirk, Tenet"
Hotel Rwanda,2h 1min,"Biography, Drama, History",Terry George,"Hotel Rwanda, In the Name of the Father, Some Mother's Son, The Promise"
Pulp Fiction,2h 34min,"Crime, Drama",Quentin Tarantino,"Reservoir Dogs, Pulp Fiction, From Dusk Till Dawn, Death Proof"
Spotlight,2h 9min,"Biography, Crime, Drama",Tom McCarthy,"The Station Agent, Win Win, The Visitor, Spotlight"
La Haine,1h 38min,"Crime, Drama",Mathieu Kassovitz,"Amélie, La Haine, The Fifth Element, The Crimson Rivers"
The Bandit,2h 8min,"Crime, Drama, Thriller",Yavuz Turgul,"The Bandit, Hunting Season, Mr. Muhsin, The Shadow Play"
Into the Wild,2h 28min,"Adventure, Biography, Drama",Sean Penn,"Mystic River, 21 Grams, Milk, Dead Man Walking"
Hachi: A Dog's Tale,1h 33min,"Biography, Drama, Family",Lasse Hallström,"What's Eating Gilbert Grape, Dear John, Chocolat, The Hundred-Foot Journey"
Logan,2h 17min,"Action, Drama, Sci-Fi",James Mangold,"Logan, Ford v Ferrari, Walk the Line, Heavy"
Rebecca,2h 10min,"Drama, Mystery, Romance",Alfred Hitchcock,"Psycho, Vertigo, North by Northwest, Rope"
Platoon,2h,"Drama, War",Oliver Stone,"JFK, Natural Born Killers, Platoon, Born on the Fourth of July"
The 400 Blows,1h 39min,"Crime, Drama",François Truffaut,"Day for Night, Close Encounters of the Third Kind, The 400 Blows, Jules and Jim"
The Handmaiden,2h 25min,"Drama, Romance, Thriller",Park Chan-Wook,"The Handmaiden, Thirst, Oldboy, Lady Vengeance"
Cool Hand Luke,2h 7min,"Crime, Drama",Stuart Rosenberg,"Cool Hand Luke, Question 7, The Defenders, The Amityville Horror"
Monty Python's Life of Brian,1h 34min,Comedy,Terry Jones,"Monty Python and the Holy Grail, The Meaning of Life, Monty Python's Life of Brian, Mr. Toad's Wild Ride"
Schindler's List,3h 15min,"Biography, Drama, History",Steven Spielberg,"Schindler's List, E.T. the Extra-Terrestrial, Saving Private Ryan, Indiana Jones and the Raiders of the Lost Ark"
Autumn Sonata,1h 39min,"Drama, Music",Ingmar Bergman,"Persona, Wild Strawberries, The Seventh Seal, Cries & Whispers"
Network,2h 1min,Drama,Sidney Lumet,"Before the Devil Knows You're Dead, 12 Angry Men, Dog Day Afternoon, Murder on the Orient Express"
Dead Poets Society,2h 8min,"Comedy, Drama",Peter Weir,"Master and Commander: The Far Side of the World, The Way Back, Witness, Dead Poets Society"
Harry Potter and the Deathly Hallows: Part 2,2h 10min,"Adventure, Drama, Fantasy",David Yates,"Harry Potter and the Deathly Hallows: Part 2, Harry Potter and the Order of the Phoenix, The Legend of Tarzan, Harry Potter and the Deathly Hallows: Part 1"
The Wages of Fear,2h 11min,"Adventure, Drama, Thriller",Henri-Georges Clouzot,"The Wages of Fear, Diabolique, Quai des Orfèvres, Manon"
Ben-Hur,3h 32min,"Adventure, Drama, History",William Wyler,"The Best Years of Our Lives, Ben-Hur, Roman Holiday, The Big Country"
Mad Max: Fury Road,2h,"Action, Adventure, Sci-Fi",George Miller,"Mad Max: Fury Road, Mad Max 2: The Road Warrior, Mad Max, Happy Feet"
How to Train Your Dragon,1h 38min,"Animation, Action, Adventure",Dean DeBlois,"How to Train Your Dragon, How to Train Your Dragon 2, Lilo & Stitch, How to Train Your Dragon: The Hidden World"
The Passion of Joan of Arc,1h 54min,"Biography, Drama, History",Carl Theodor Dreyer,"The Passion of Joan of Arc, Gertrud, Ordet, Landsbykirken"
Million Dollar Baby,2h 12min,"Drama, Sport",Clint Eastwood,"Million Dollar Baby, Gran Torino, Unforgiven, The Bridges of Madison County"
Andhadhun,2h 19min,"Crime, Drama, Music",Sriram Raghavan,"Andhadhun, Badlapur, Johnny Gaddaar, Ek Hasina Thi"
12 Years a Slave,2h 14min,"Biography, Drama, History",Steve McQueen,"12 Years a Slave, Shame, Hunger, Widows"
The Big Lebowski,1h 57min,"Comedy, Crime, Sport",Joel Coen,"The Ballad of Buster Scruggs, Fargo, A Serious Man, Barton Fink"
Barry Lyndon,3h 5min,"Adventure, Drama, History",Stanley Kubrick,"2001: A Space Odyssey, A Clockwork Orange, Barry Lyndon, Eyes Wide Shut"
Rush,2h 3min,"Action, Biography, Drama",Ron Howard,"Arrested Development, A Beautiful Mind, Apollo 13, Frost/Nixon"
Hacksaw Ridge,2h 19min,"Biography, Drama, History",Mel Gibson,"Braveheart, Lethal Weapon 3, Conspiracy Theory, Ransom"
To Be or Not to Be,1h 39min,"Comedy, Romance, War",Ernst Lubitsch,"To Be or Not to Be, The Shop Around the Corner, Ninotchka, The Patriot"
Mr. Smith Goes to Washington,2h 9min,"Comedy, Drama",Frank Capra,"It's a Wonderful Life, It Happened One Night, Mr. Smith Goes to Washington, Mr. Deeds Goes to Town"
Catch Me If You Can,2h 21min,"Biography, Crime, Drama",Steven Spielberg,"Schindler's List, E.T. the Extra-Terrestrial, Saving Private Ryan, Indiana Jones and the Raiders of the Lost Ark"
Prisoners,2h 33min,"Crime, Drama, Mystery",Denis Villeneuve,"Blade Runner 2049, Arrival, Incendies, Sicario"
In the Name of the Father,2h 13min,"Biography, Crime, Drama",Jim Sheridan,"In America, In the Name of the Father, My Left Foot, Brothers"
Before Sunrise,1h 41min,"Drama, Romance",Richard Linklater,"Waking Life, Before Midnight, Boyhood, A Scanner Darkly"
Mary and Max,1h 32min,"Animation, Comedy, Drama",Adam Elliot,"Mary and Max, Harvie Krumpet, Brother, Cousin"
The Grand Budapest Hotel,1h 39min,"Adventure, Comedy, Crime",Wes Anderson,"Fantastic Mr. Fox, The Royal Tenenbaums, Isle of Dogs, Rushmore"
Room,1h 58min,"Drama, Thriller",Lenny Abrahamson,"Room, Frank, Adam & Paul, Garage"
The General,1h 7min,"Action, Adventure, Comedy",Clyde Bruckman,"The General, Sherlock Jr., Feet First, Our Hospitality"
Wild Tales,2h 2min,"Comedy, Drama, Thriller",Damián Szifron,"Wild Tales, Pretenders, On Probation, The Bottom of the Sea"
The Deer Hunter,3h 3min,"Drama, War",Michael Cimino,"The Deer Hunter, Heaven's Gate, Silent Running, Year of the Dragon"
Stalker,2h 42min,"Drama, Sci-Fi",Andrei Tarkovsky,"Solaris, The Sacrifice, Andrei Rublev, Stalker"
Sherlock Jr.,45min,"Action, Comedy, Romance",Buster Keaton,"The General, Sherlock Jr., Steamboat Bill, Jr., Seven Chances"
Gran Torino,1h 56min,Drama,Clint Eastwood,"Million Dollar Baby, Gran Torino, Unforgiven, The Bridges of Madison County"
Tokyo Story,2h 16min,Drama,Yasujirô Ozu,"Tokyo Story, Late Spring, Early Summer, A Story of Floating Weeds"
Gone with the Wind,3h 58min,"Drama, History, Romance",Victor Fleming,"Gone with the Wind, The Wizard of Oz, Test Pilot, A Guy Named Joe"
On the Waterfront,1h 48min,"Crime, Drama, Thriller",Elia Kazan,"On the Waterfront, East of Eden, A Streetcar Named Desire, America America"
Finding Nemo,1h 40min,"Animation, Adventure, Comedy",Andrew Stanton,"WALL·E, Finding Nemo, Finding Dory, Toy Story 2"
Fargo,1h 38min,"Crime, Drama, Thriller",Joel Coen,"The Ballad of Buster Scruggs, Fargo, A Serious Man, Barton Fink"
Warrior,2h 20min,"Action, Drama, Sport",Gavin O'Connor,"The Accountant, Pride and Glory, Warrior, Tumbleweeds"
The Truman Show,1h 43min,"Comedy, Drama",Peter Weir,"Master and Commander: The Far Side of the World, The Way Back, Witness, Dead Poets Society"
Kill Bill: Vol. 1,1h 51min,"Action, Crime, Drama",Quentin Tarantino,"Reservoir Dogs, Pulp Fiction, From Dusk Till Dawn, Death Proof"
Memories of Murder,2h 12min,"Crime, Drama, Mystery",Bong Joon Ho,"Snowpiercer, Parasite, Okja, The Host"
My Father and My Son,1h 52min,"Drama, Family",Cagan Irmak,"My Father and My Son, Alone, The Messenger, Dedemin Insanlari"
Wild Strawberries,1h 31min,"Drama, Romance",Ingmar Bergman,"Persona, Wild Strawberries, The Seventh Seal, Cries & Whispers"
Trainspotting,1h 33min,Drama,Danny Boyle,"127 Hours, 28 Days Later..., Slumdog Millionaire, Shallow Grave"
The Bridge on the River Kwai,2h 41min,"Adventure, Drama, War",David Lean,"Lawrence of Arabia, The Bridge on the River Kwai, Doctor Zhivago, A Passage to India"
The Third Man,1h 33min,"Film-Noir, Mystery, Thriller",Carol Reed,"The Third Man, Oliver!, The Fallen Idol, Odd Man Out"
Blade Runner,1h 57min,"Action, Sci-Fi, Thriller",Ridley Scott,"The Martian, Blade Runner, Thelma & Louise, Gladiator"
V for Vendetta,2h 12min,"Action, Drama, Sci-Fi",James McTeigue,"V for Vendetta, The Raven, Ninja Assassin, The Matrix"
Klaus,1h 36min,"Animation, Adventure, Comedy",Sergio Pablos,"Klaus, Despicable Me, Rio, Treasure Planet"
The Sixth Sense,1h 47min,"Drama, Mystery, Thriller",M. Night Shyamalan,"Lady in the Water, Signs, The Village, The Sixth Sense"
Inside Out,1h 35min,"Animation, Adventure, Comedy",Pete Docter,"Up, Inside Out, Soul, Monsters, Inc."
The Elephant Man,2h 4min,"Biography, Drama",David Lynch,"Twin Peaks, Twin Peaks: Fire Walk with Me, Mulholland Dr., Inland Empire"
Dial M for Murder,1h 45min,"Crime, Thriller",Alfred Hitchcock,"Psycho, Vertigo, North by Northwest, Rope"
No Country for Old Men,2h 2min,"Crime, Drama, Thriller",Ethan Coen,"The Ballad of Buster Scruggs, A Serious Man, Inside Llewyn Davis, Fargo"
"Three Billboards Outside Ebbing, Missouri",1h 55min,"Comedy, Crime, Drama",Martin McDonagh,"In Bruges, Three Billboards Outside Ebbing, Missouri, Seven Psychopaths, Six Shooter"
The Seventh Seal,1h 36min,"Drama, Fantasy, History",Ingmar Bergman,"Persona, Wild Strawberries, The Seventh Seal, Cries & Whispers"
"Lock, Stock and Two Smoking Barrels",1h 47min,"Action, Comedy, Crime",Guy Ritchie,"Sherlock Holmes, Lock, Stock and Two Smoking Barrels, Snatch, The Man from U.N.C.L.E."
The Gold Rush,1h 35min,"Adventure, Comedy, Drama",Charles Chaplin,"The Great Dictator, Limelight, The Circus, Modern Times"
The Thing,1h 49min,"Horror, Mystery, Sci-Fi",John Carpenter,"The Fog, Halloween, Escape from New York, They Live"
Chinatown,2h 10min,"Drama, Mystery, Thriller",Roman Polanski,"Chinatown, The Tenant, The Ghost Writer, Carnage"
The Secret in Their Eyes,2h 9min,"Drama, Mystery, Romance",Juan José Campanella,"The Secret in Their Eyes, The Man of Your Dreams, The Same Love, the Same Rain, The Weasel's Tale"
A Beautiful Mind,2h 15min,"Biography, Drama",Ron Howard,"Arrested Development, A Beautiful Mind, Apollo 13, Frost/Nixon"
There Will Be Blood,2h 38min,Drama,Paul Thomas Anderson,"Punch-Drunk Love, There Will Be Blood, Boogie Nights, Inherent Vice"
My Neighbor Totoro,1h 26min,"Animation, Family, Fantasy",Hayao Miyazaki,"Spirited Away, My Neighbor Totoro, Howl's Moving Castle, Princess Mononoke"
Raging Bull,2h 9min,"Biography, Drama, Sport",Martin Scorsese,"Taxi Driver, Mean Streets, Goodfellas, The Age of Innocence"
Pan's Labyrinth,1h 58min,"Drama, Fantasy, War",Guillermo del Toro,"Pan's Labyrinth, The Shape of Water, Hellboy, Pacific Rim"
Shutter Island,2h 18min,"Mystery, Thriller",Martin Scorsese,"Taxi Driver, Mean Streets, Goodfellas, The Age of Innocence"
The Treasure of the Sierra Madre,2h 6min,"Adventure, Drama, Western",John Huston,"The Treasure of the Sierra Madre, Chinatown, The African Queen, Casino Royale"
Casino,2h 58min,"Crime, Drama",Martin Scorsese,"Taxi Driver, Mean Streets, Goodfellas, The Age of Innocence"
Jurassic Park,2h 7min,"Action, Adventure, Sci-Fi",Steven Spielberg,"Schindler's List, E.T. the Extra-Terrestrial, Saving Private Ryan, Indiana Jones and the Raiders of the Lost Ark"
The Great Escape,2h 52min,"Adventure, Drama, History",John Sturges,"The Great Escape, The Magnificent Seven, Bad Day at Black Rock, Gunfight at the O.K. Corral"
The Wolf of Wall Street,3h,"Biography, Crime, Drama",Martin Scorsese,"Taxi Driver, Mean Streets, Goodfellas, The Age of Innocence"
Judgment at Nuremberg,2h 59min,"Drama, War",Stanley Kramer,"Judgment at Nuremberg, Guess Who's Coming to Dinner, Inherit the Wind, On the Beach"
Children of Heaven,1h 29min,"Drama, Family, Sport",Majid Majidi,"Children of Heaven, Baran, Sun Children, The Color of Paradise"
Howl's Moving Castle,1h 59min,"Animation, Adventure, Family",Hayao Miyazaki,"Spirited Away, My Neighbor Totoro, Howl's Moving Castle, Princess Mononoke"
All About Eve,2h 18min,Drama,Joseph L. Mankiewicz,"All About Eve, Cleopatra, A Letter to Three Wives, Guys and Dolls"
Unforgiven,2h 10min,"Drama, Western",Clint Eastwood,"Million Dollar Baby, Gran Torino, Unforgiven, The Bridges of Madison County"
Batman Begins,2h 20min,"Action, Adventure",Christopher Nolan,"The Prestige, Inception, Dunkirk, Tenet"
Downfall,2h 36min,"Biography, Drama, History",Oliver Hirschbiegel,"The Experiment, Downfall, Five Minutes of Heaven, The Invasion"
Some Like It Hot,2h 1min,"Comedy, Music, Romance",Billy Wilder,"The Apartment, Some Like It Hot, Sabrina, Sunset Blvd."
Green Book,2h 10min,"Biography, Comedy, Drama",Peter Farrelly,"Green Book, There's Something About Mary, Dumb and Dumber, Osmosis Jones"
Yojimbo,1h 50min,"Action, Drama, Thriller",Akira Kurosawa,"The Hidden Fortress, Ran, Kagemusha, Seven Samurai"
Die Hard,2h 12min,"Action, Thriller",John McTiernan,"Die Hard, Rollerball, Predator, Last Action Hero"
Monty Python and the Holy Grail,1h 31min,"Adventure, Comedy, Fantasy",Terry Gilliam,"Brazil, Monty Python and the Holy Grail, The Meaning of Life, The Imaginarium of Doctor Parnassus"
Rashomon,1h 28min,"Crime, Drama, Mystery",Akira Kurosawa,"The Hidden Fortress, Ran, Kagemusha, Seven Samurai"
L.A. Confidential,2h 18min,"Crime, Drama, Mystery",Curtis Hanson,"L.A. Confidential, In Her Shoes, The Hand That Rocks the Cradle, Wonder Boys"
Ran,2h 42min,"Action, Drama, War",Akira Kurosawa,"The Hidden Fortress, Ran, Kagemusha, Seven Samurai"
Heat,2h 50min,"Crime, Drama, Thriller",Michael Mann,"The Insider, Collateral, The Last of the Mohicans, Manhunter"
Indiana Jones and the Last Crusade,2h 7min,"Action, Adventure",Steven Spielberg,"Schindler's List, E.T. the Extra-Terrestrial, Saving Private Ryan, Indiana Jones and the Raiders of the Lost Ark"
Up,1h 36min,"Animation, Adventure, Comedy",Pete Docter,"Up, Inside Out, Soul, Monsters, Inc."
For a Few Dollars More,2h 12min,Western,Sergio Leone,"Once Upon a Time in America, Duck You Sucker, The Good, the Bad and the Ugly, A Fistful of Dollars"
To Kill a Mockingbird,2h 9min,"Crime, Drama",Robert Mulligan,"To Kill a Mockingbird, Summer of '42, The Other, The Nickel Ride"
Toy Story 3,1h 43min,"Animation, Adventure, Comedy",Lee Unkrich,"Toy Story 2, Coco, Toy Story 3, Finding Nemo"
Incendies,2h 11min,"Drama, Mystery, War",Denis Villeneuve,"Blade Runner 2049, Arrival, Incendies, Sicario"
Snatch,1h 42min,"Comedy, Crime",Guy Ritchie,"Sherlock Holmes, Lock, Stock and Two Smoking Barrels, Snatch, The Man from U.N.C.L.E."
Scarface,2h 50min,"Crime, Drama",Brian De Palma,"Dressed to Kill, The Untouchables, Body Double, Femme Fatale"
Amélie,2h 2min,"Comedy, Romance",Jean-Pierre Jeunet,"A Very Long Engagement, Amélie, Delicatessen, Micmacs"
A Separation,2h 3min,Drama,Asghar Farhadi,"Darbareye Elly, The Salesman, A Separation, The Past"
1917,1h 59min,"Drama, Thriller, War",Sam Mendes,"1917, Road to Perdition, Skyfall, Revolutionary Road"
The Sting,2h 9min,"Comedy, Crime, Drama",George Roy Hill,"The Sting, Butch Cassidy and the Sundance Kid, Slap Shot, Slaughterhouse-Five"
Double Indemnity,1h 47min,"Crime, Drama, Film-Noir",Billy Wilder,"The Apartment, Some Like It Hot, Sabrina, Sunset Blvd."
Taxi Driver,1h 54min,"Crime, Drama",Martin Scorsese,"Taxi Driver, Mean Streets, Goodfellas, The Age of Innocence"
Metropolis,2h 33min,"Drama, Sci-Fi",Fritz Lang,"Contempt, Spies, M, Fury"
The Apartment,2h 5min,"Comedy, Drama, Romance",Billy Wilder,"The Apartment, Some Like It Hot, Sabrina, Sunset Blvd."
Dangal,2h 41min,"Action, Biography, Drama",Nitesh Tiwari,"Chhichhore, Dangal, Seeking True Love, Children's Party"
A Clockwork Orange,2h 16min,"Crime, Drama, Sci-Fi",Stanley Kubrick,"2001: A Space Odyssey, A Clockwork Orange, Barry Lyndon, Eyes Wide Shut"
Full Metal Jacket,1h 56min,"Drama, War",Stanley Kubrick,"2001: A Space Odyssey, A Clockwork Orange, Barry Lyndon, Eyes Wide Shut"
Lawrence of Arabia,3h 48min,"Adventure, Biography, Drama",David Lean,"Lawrence of Arabia, The Bridge on the River Kwai, Doctor Zhivago, A Passage to India"
The Kid,1h 8min,"Comedy, Drama, Family",Charles Chaplin,"The Great Dictator, Limelight, The Circus, Modern Times"
The Father,1h 37min,Drama,Florian Zeller,"The Father, The Son, Florida, The Other Woman"
Ikiru,2h 23min,Drama,Akira Kurosawa,"The Hidden Fortress, Ran, Kagemusha, Seven Samurai"
Eternal Sunshine of the Spotless Mind,1h 48min,"Drama, Romance, Sci-Fi",Michel Gondry,"Eternal Sunshine of the Spotless Mind, The Science of Sleep, Be Kind Rewind, The We and the I"
North by Northwest,2h 16min,"Adventure, Mystery, Thriller",Alfred Hitchcock,"Psycho, Vertigo, North by Northwest, Rope"
The Hunt,1h 55min,Drama,Thomas Vinterberg,"The Hunt, Another Round, The Celebration, Submarino"
Come and See,2h 22min,"Drama, Thriller, War",Elem Klimov,"Come and See, Rasputin, Pokhozhdeniya zubnogo vracha, Farewell"
Bicycle Thieves,1h 29min,Drama,Vittorio De Sica,"Bicycle Thieves, The Gold of Naples, Umberto D., Il Generale Della Rovere"
Singin' in the Rain,1h 43min,"Comedy, Musical, Romance",Stanley Donen,"Charade, Singin' in the Rain, Funny Face, Two for the Road"
Reservoir Dogs,1h 39min,"Crime, Drama, Thriller",Quentin Tarantino,"Reservoir Dogs, Pulp Fiction, From Dusk Till Dawn, Death Proof"
Requiem for a Dream,1h 42min,Drama,Darren Aronofsky,"Pi, Requiem for a Dream, The Fountain, Mother!"
Vertigo,2h 8min,"Mystery, Romance, Thriller",Alfred Hitchcock,"Psycho, Vertigo, North by Northwest, Rope"
M,1h 39min,"Crime, Mystery, Thriller",Fritz Lang,"Contempt, Spies, M, Fury"
Citizen Kane,1h 59min,"Drama, Mystery",Orson Welles,"Citizen Kane, Touch of Evil, The Lady from Shanghai, The Trial"
2001: A Space Odyssey,2h 29min,"Adventure, Sci-Fi",Stanley Kubrick,"2001: A Space Odyssey, A Clockwork Orange, Barry Lyndon, Eyes Wide Shut"
Like Stars on Earth,2h 45min,"Drama, Family",Aamir Khan,"Like Stars on Earth, Lagaan: Once Upon a Time in India, PK, Dangal"
Star Wars: Episode VI - Return of the Jedi,2h 11min,"Action, Adventure, Fantasy",Richard Marquand,"Star Wars: Episode VI - Return of the Jedi, Jagged Edge, Nowhere to Run, NBC Special Treat"
Inglourious Basterds,2h 33min,"Adventure, Drama, War",Quentin Tarantino,"Reservoir Dogs, Pulp Fiction, From Dusk Till Dawn, Death Proof"
3 Idiots,2h 50min,"Comedy, Drama",Rajkumar Hirani,"PK, 3 Idiots, Sanju, Munna Bhai M.B.B.S."
Good Will Hunting,2h 6min,"Drama, Romance",Gus Van Sant,"Elephant, Drugstore Cowboy, My Own Private Idaho, Paranoid Park"
Amadeus,2h 40min,"Biography, Drama, History",Milos Forman,"One Flew Over the Cuckoo's Nest, Amadeus, The People vs. Larry Flynt, Hair"
Braveheart,2h 58min,"Biography, Drama, History",Mel Gibson,"Braveheart, Lethal Weapon 3, Conspiracy Theory, Ransom"
American Beauty,2h 2min,Drama,Sam Mendes,"1917, Road to Perdition, Skyfall, Revolutionary Road"
High and Low,2h 23min,"Crime, Drama, Mystery",Akira Kurosawa,"The Hidden Fortress, Ran, Kagemusha, Seven Samurai"
Toy Story,1h 21min,"Animation, Adventure, Comedy",John Lasseter,"Toy Story 2, A Bug's Life, Cars, Toy Story"
Capernaum,2h 6min,Drama,Nadine Labaki,"Where Do We Go Now?, Capernaum, Caramel, Mea culpa"
Das Boot,2h 29min,"Adventure, Drama, Thriller",Wolfgang Petersen,"Das Boot, Enemy Mine, Outbreak, Air Force One"
Avengers: Endgame,3h 1min,"Action, Adventure, Drama",Anthony Russo,"Avengers: Endgame, Captain America: The Winter Soldier, Avengers: Infinity War, Captain America: Civil War"
Aliens,2h 17min,"Action, Adventure, Sci-Fi",James Cameron,"Avatar, Titanic, Terminator 2: Judgment Day, Aliens"
Coco,1h 45min,"Animation, Adventure, Drama",Lee Unkrich,"Toy Story 2, Coco, Toy Story 3, Finding Nemo"
Your Name.,1h 46min,"Animation, Drama, Fantasy",Makoto Shinkai,"Your Name., The Place Promised in Our Early Days, Weathering with You, The Garden of Words"
The Dark Knight Rises,2h 44min,"Action, Adventure",Christopher Nolan,"The Prestige, Inception, Dunkirk, Tenet"
Oldboy,2h,"Action, Drama, Mystery",Park Chan-Wook,"The Handmaiden, Thirst, Oldboy, Lady Vengeance"
Pather Panchali,2h 5min,Drama,Satyajit Ray,"Pather Panchali, Charulata, Nayak: The Hero, The World of Apu"
Once Upon a Time in America,3h 49min,"Crime, Drama",Sergio Leone,"Once Upon a Time in America, Duck You Sucker, The Good, the Bad and the Ugly, A Fistful of Dollars"
Spider-Man: Into the Spider-Verse,1h 57min,"Animation, Action, Adventure",Bob Persichetti,"Spider-Man: Into the Spider-Verse, Puss in Boots, Wallace & Gromit: The Curse of the Were-Rabbit, Monsters vs. Aliens"
Dr. Strangelove or: How I Learned to Stop Worrying and Love the Bomb,1h 35min,Comedy,Stanley Kubrick,"2001: A Space Odyssey, A Clockwork Orange, Barry Lyndon, Eyes Wide Shut"
Hamilton,2h 40min,"Biography, Drama, History",Thomas Kail,"Hamilton, Fosse/Verdon, Grease Live!, Fiddler on the Roof"
Princess Mononoke,2h 14min,"Animation, Action, Adventure",Hayao Miyazaki,"Spirited Away, My Neighbor Totoro, Howl's Moving Castle, Princess Mononoke"
Witness for the Prosecution,1h 56min,"Crime, Drama, Mystery",Billy Wilder,"The Apartment, Some Like It Hot, Sabrina, Sunset Blvd."
Joker,2h 2min,"Crime, Drama, Thriller",Todd Phillips,"Joker, Due Date, Old School, The Hangover"
WALL·E,1h 38min,"Animation, Adventure, Family",Andrew Stanton,"WALL·E, Finding Nemo, Finding Dory, Toy Story 2"
The Shining,2h 26min,"Drama, Horror",Stanley Kubrick,"2001: A Space Odyssey, A Clockwork Orange, Barry Lyndon, Eyes Wide Shut"
Avengers: Infinity War,2h 29min,"Action, Adventure, Sci-Fi",Anthony Russo,"Avengers: Endgame, Captain America: The Winter Soldier, Avengers: Infinity War, Captain America: Civil War"
Sunset Blvd.,1h 50min,"Drama, Film-Noir",Billy Wilder,"The Apartment, Some Like It Hot, Sabrina, Sunset Blvd."
Django Unchained,2h 45min,"Drama, Western",Quentin Tarantino,"Reservoir Dogs, Pulp Fiction, From Dusk Till Dawn, Death Proof"
The Lives of Others,2h 17min,"Drama, Mystery, Thriller",Florian Henckel von Donnersmarck,"The Lives of Others, Never Look Away, The Tourist, Dobermann"
Paths of Glory,1h 28min,"Drama, War",Stanley Kubrick,"2001: A Space Odyssey, A Clockwork Orange, Barry Lyndon, Eyes Wide Shut"
Apocalypse Now,2h 27min,"Drama, Mystery, War",Francis Ford Coppola,"Apocalypse Now, The Conversation, The Godfather: Part II, The Godfather"
Memento,1h 53min,"Mystery, Thriller",Christopher Nolan,"The Prestige, Inception, Dunkirk, Tenet"
Indiana Jones and the Raiders of the Lost Ark,1h 55min,"Action, Adventure",Steven Spielberg,"Schindler's List, E.T. the Extra-Terrestrial, Saving Private Ryan, Indiana Jones and the Raiders of the Lost Ark"
Cinema Paradiso,2h 35min,"Drama, Romance",Giuseppe Tornatore,"The Best Offer, The Legend of 1900, Cinema Paradiso, Malena"
Alien,1h 57min,"Horror, Sci-Fi",Ridley Scott,"The Martian, Blade Runner, Thelma & Louise, Gladiator"
Rear Window,1h 52min,"Mystery, Thriller",Alfred Hitchcock,"Psycho, Vertigo, North by Northwest, Rope"
Once Upon a Time in the West,2h 45min,Western,Sergio Leone,"Once Upon a Time in America, Duck You Sucker, The Good, the Bad and the Ugly, A Fistful of Dollars"
The Great Dictator,2h 5min,"Comedy, Drama, War",Charles Chaplin,"The Great Dictator, Limelight, The Circus, Modern Times"
The Prestige,2h 10min,"Drama, Mystery, Sci-Fi",Christopher Nolan,"The Prestige, Inception, Dunkirk, Tenet"
Casablanca,1h 42min,"Drama, Romance, War",Michael Curtiz,"Casablanca, The Adventures of Robin Hood, White Christmas, The Comancheros"
The Intouchables,1h 52min,"Biography, Comedy, Drama",Olivier Nakache,"The Intouchables, C'est la vie!, The Specials, Tellement proches"
Grave of the Fireflies,1h 29min,"Animation, Drama, War",Isao Takahata,"The Tale of The Princess Kaguya, Grave of the Fireflies, Only Yesterday, Pom Poko"
The Departed,2h 31min,"Crime, Drama, Thriller",Martin Scorsese,"Taxi Driver, Mean Streets, Goodfellas, The Age of Innocence"
Gladiator,2h 35min,"Action, Adventure, Drama",Ridley Scott,"The Martian, Blade Runner, Thelma & Louise, Gladiator"
American History X,1h 59min,Drama,Tony Kaye,"Detachment, Lake of Fire, American History X, Mad for Love!"
Whiplash,1h 46min,"Drama, Music",Damien Chazelle,"La La Land, Whiplash, First Man, 10 Cloverfield Lane"
The Lion King,1h 28min,"Animation, Adventure, Drama",Roger Allers,"The Lion King, Aladdin, Beauty and the Beast, Tron"
City Lights,1h 27min,"Comedy, Drama, Romance",Charles Chaplin,"The Great Dictator, Limelight, The Circus, Modern Times"
Modern Times,1h 27min,"Comedy, Drama, Family",Charles Chaplin,"The Great Dictator, Limelight, The Circus, Modern Times"
Psycho,1h 49min,"Horror, Mystery, Thriller",Alfred Hitchcock,"Psycho, Vertigo, North by Northwest, Rope"
The Pianist,2h 30min,"Biography, Drama, Music",Roman Polanski,"Chinatown, The Tenant, The Ghost Writer, Carnage"
Back to the Future,1h 56min,"Adventure, Comedy, Sci-Fi",Robert Zemeckis,"Back to the Future, Forrest Gump, Contact, Flight"
Terminator 2: Judgment Day,2h 17min,"Action, Sci-Fi",James Cameron,"Avatar, Titanic, Terminator 2: Judgment Day, Aliens"
Hara-Kiri,2h 13min,"Action, Drama, Mystery",Masaki Kobayashi,"Hara-Kiri, Samurai Rebellion, The Human Condition I: No Greater Love, The Human Condition III: A Soldier's Prayer"
Parasite,2h 12min,"Comedy, Drama, Thriller",Bong Joon Ho,"Snowpiercer, Parasite, Okja, The Host"
The Usual Suspects,1h 46min,"Crime, Mystery, Thriller",Bryan Singer,"X-Men, The Usual Suspects, X-Men: Days of Future Past, Superman Returns"
Interstellar,2h 49min,"Adventure, Drama, Sci-Fi",Christopher Nolan,"The Prestige, Inception, Dunkirk, Tenet"
The Green Mile,3h 9min,"Crime, Drama, Fantasy",Frank Darabont,"The Green Mile, The Walking Dead, The Mist, The Shawshank Redemption"
Léon: The Professional,1h 50min,"Action, Crime, Drama",Luc Besson,"The Fifth Element, Léon: The Professional, Lucy, Nikita"
Spirited Away,2h 5min,"Animation, Adventure, Family",Hayao Miyazaki,"Spirited Away, My Neighbor Totoro, Howl's Moving Castle, Princess Mononoke"
Saving Private Ryan,2h 49min,"Drama, War",Steven Spielberg,"Schindler's List, E.T. the Extra-Terrestrial, Saving Private Ryan, Indiana Jones and the Raiders of the Lost Ark"
It's a Wonderful Life,2h 10min,"Drama, Family, Fantasy",Frank Capra,"It's a Wonderful Life, It Happened One Night, Mr. Smith Goes to Washington, Mr. Deeds Goes to Town"
Star Wars: Episode IV - A New Hope,2h 1min,"Action, Adventure, Fantasy",George Lucas,"Star Wars: Episode IV - A New Hope, THX 1138, American Graffiti, Indiana Jones and the Raiders of the Lost Ark"
City of God,2h 10min,"Crime, Drama",Fernando Meirelles,"Blindness, The Constant Gardener, The Two Popes, City of God"
One Flew Over the Cuckoo's Nest,2h 13min,Drama,Milos Forman,"One Flew Over the Cuckoo's Nest, Amadeus, The People vs. Larry Flynt, Hair"
Life Is Beautiful,1h 56min,"Comedy, Drama, Romance",Roberto Benigni,"Life Is Beautiful, The Tiger and the Snow, Down by Law, Johnny Stecchino"
Se7en,2h 7min,"Crime, Drama, Mystery",David Fincher,"Se7en, Zodiac, Gone Girl, The Social Network"
The Matrix,2h 16min,"Action, Sci-Fi",Lana Wachowski,"The Matrix, Bound, Cloud Atlas, The Matrix Reloaded"
The Silence of the Lambs,1h 58min,"Crime, Drama, Thriller",Jonathan Demme,"The Silence of the Lambs, Philadelphia, Rachel Getting Married, Adaptation."
Goodfellas,2h 26min,"Biography, Crime, Drama",Martin Scorsese,"Taxi Driver, Mean Streets, Goodfellas, The Age of Innocence"
